{
  "6289501427163-1562508898@g.us": {
    "fitur": {
      "antilink": false,
      "antilinkv2": false,
      "antilinkwa": false,
      "antilinkwav2": false,
      "badword": false,
      "antidelete": false,
      "antiedit": false,
      "antigame": false,
      "antifoto": false,
      "antivideo": false,
      "antiaudio": false,
      "antidocument": false,
      "antikontak": false,
      "antisticker": false,
      "antipolling": false,
      "antispamchat": false,
      "antivirtex": false,
      "antiviewonce": false,
      "autoai": false,
      "autosimi": false,
      "autorusuh": false,
      "welcome": false,
      "left": false,
      "promote": false,
      "demote": false,
      "onlyadmin": false,
      "mute": false,
      "detectblacklist": false,
      "waktusholat": false,
      "antibot": false,
      "antitagsw": true,
      "antitagsw2": false,
      "antitagmeta": false,
      "antitagmeta2": false
    },
    "userBlock": [],
    "createdAt": "2025-05-14T17:00:13.519Z",
    "updatedAt": "2025-05-14T17:00:16.896Z"
  },
  "120363418702501479@g.us": {
    "fitur": {
      "antilink": false,
      "antilinkv2": false,
      "antilinkwa": false,
      "antilinkwav2": false,
      "badword": false,
      "antidelete": false,
      "antiedit": false,
      "antigame": false,
      "antifoto": false,
      "antivideo": false,
      "antiaudio": false,
      "antidocument": false,
      "antikontak": false,
      "antisticker": false,
      "antipolling": false,
      "antispamchat": false,
      "antivirtex": false,
      "antiviewonce": false,
      "autoai": false,
      "autosimi": false,
      "autorusuh": false,
      "welcome": false,
      "left": false,
      "promote": false,
      "demote": false,
      "onlyadmin": false,
      "mute": false,
      "detectblacklist": false,
      "waktusholat": false,
      "antibot": false,
      "antitagsw": false,
      "antitagsw2": false,
      "antitagmeta": false,
      "antitagmeta2": false
    },
    "userBlock": [],
    "createdAt": "2025-05-15T20:38:21.763Z",
    "updatedAt": "2025-05-15T20:38:21.763Z"
  },
  "120363150425653339@g.us": {
    "fitur": {
      "antilink": false,
      "antilinkv2": false,
      "antilinkwa": false,
      "antilinkwav2": false,
      "badword": false,
      "antidelete": false,
      "antiedit": false,
      "antigame": false,
      "antifoto": false,
      "antivideo": false,
      "antiaudio": false,
      "antidocument": false,
      "antikontak": false,
      "antisticker": false,
      "antipolling": false,
      "antispamchat": false,
      "antivirtex": false,
      "antiviewonce": false,
      "autoai": false,
      "autosimi": false,
      "autorusuh": false,
      "welcome": false,
      "left": false,
      "promote": false,
      "demote": false,
      "onlyadmin": false,
      "mute": false,
      "detectblacklist": false,
      "waktusholat": false,
      "antibot": false,
      "antitagsw": false,
      "antitagsw2": false,
      "antitagmeta": false,
      "antitagmeta2": false
    },
    "userBlock": [],
    "createdAt": "2025-05-15T20:38:21.810Z",
    "updatedAt": "2025-05-15T20:38:21.810Z"
  },
  "120363418622431458@g.us": {
    "fitur": {
      "antilink": false,
      "antilinkv2": false,
      "antilinkwa": false,
      "antilinkwav2": false,
      "badword": false,
      "antidelete": false,
      "antiedit": false,
      "antigame": false,
      "antifoto": false,
      "antivideo": false,
      "antiaudio": false,
      "antidocument": false,
      "antikontak": false,
      "antisticker": false,
      "antipolling": false,
      "antispamchat": false,
      "antivirtex": false,
      "antiviewonce": false,
      "autoai": false,
      "autosimi": false,
      "autorusuh": false,
      "welcome": false,
      "left": false,
      "promote": false,
      "demote": false,
      "onlyadmin": false,
      "mute": false,
      "detectblacklist": false,
      "waktusholat": false,
      "antibot": false,
      "antitagsw": false,
      "antitagsw2": false,
      "antitagmeta": false,
      "antitagmeta2": false
    },
    "userBlock": [],
    "createdAt": "2025-05-15T20:40:30.035Z",
    "updatedAt": "2025-05-15T20:40:30.035Z"
  },
  "120363400447413265@g.us": {
    "fitur": {
      "antilink": false,
      "antilinkv2": false,
      "antilinkwa": false,
      "antilinkwav2": false,
      "badword": false,
      "antidelete": false,
      "antiedit": false,
      "antigame": false,
      "antifoto": false,
      "antivideo": false,
      "antiaudio": false,
      "antidocument": false,
      "antikontak": false,
      "antisticker": false,
      "antipolling": false,
      "antispamchat": false,
      "antivirtex": false,
      "antiviewonce": false,
      "autoai": false,
      "autosimi": false,
      "autorusuh": false,
      "welcome": false,
      "left": false,
      "promote": false,
      "demote": false,
      "onlyadmin": false,
      "mute": false,
      "detectblacklist": false,
      "waktusholat": false,
      "antibot": false,
      "antitagsw": false,
      "antitagsw2": false,
      "antitagmeta": false,
      "antitagmeta2": false
    },
    "userBlock": [],
    "createdAt": "2025-05-15T20:41:20.129Z",
    "updatedAt": "2025-05-15T20:41:20.129Z"
  },
  "120363401843395123@g.us": {
    "fitur": {
      "antilink": false,
      "antilinkv2": false,
      "antilinkwa": false,
      "antilinkwav2": false,
      "badword": false,
      "antidelete": false,
      "antiedit": false,
      "antigame": false,
      "antifoto": false,
      "antivideo": false,
      "antiaudio": false,
      "antidocument": false,
      "antikontak": false,
      "antisticker": false,
      "antipolling": false,
      "antispamchat": false,
      "antivirtex": false,
      "antiviewonce": false,
      "autoai": false,
      "autosimi": false,
      "autorusuh": false,
      "welcome": false,
      "left": false,
      "promote": false,
      "demote": false,
      "onlyadmin": false,
      "mute": false,
      "detectblacklist": false,
      "waktusholat": false,
      "antibot": false,
      "antitagsw": false,
      "antitagsw2": false,
      "antitagmeta": false,
      "antitagmeta2": false
    },
    "userBlock": [],
    "createdAt": "2025-05-15T20:43:22.641Z",
    "updatedAt": "2025-05-15T20:43:22.641Z"
  },
  "120363261241109331@g.us": {
    "fitur": {
      "antilink": false,
      "antilinkv2": false,
      "antilinkwa": false,
      "antilinkwav2": false,
      "badword": false,
      "antidelete": false,
      "antiedit": false,
      "antigame": false,
      "antifoto": false,
      "antivideo": false,
      "antiaudio": false,
      "antidocument": false,
      "antikontak": false,
      "antisticker": false,
      "antipolling": false,
      "antispamchat": false,
      "antivirtex": false,
      "antiviewonce": false,
      "autoai": false,
      "autosimi": false,
      "autorusuh": false,
      "welcome": false,
      "left": false,
      "promote": false,
      "demote": false,
      "onlyadmin": false,
      "mute": false,
      "detectblacklist": false,
      "waktusholat": false,
      "antibot": false,
      "antitagsw": false,
      "antitagsw2": false,
      "antitagmeta": false,
      "antitagmeta2": false
    },
    "userBlock": [],
    "createdAt": "2025-05-15T20:49:07.964Z",
    "updatedAt": "2025-05-15T20:49:07.964Z"
  },
  "120363366460560316@g.us": {
    "fitur": {
      "antilink": false,
      "antilinkv2": false,
      "antilinkwa": false,
      "antilinkwav2": false,
      "badword": false,
      "antidelete": false,
      "antiedit": false,
      "antigame": false,
      "antifoto": false,
      "antivideo": false,
      "antiaudio": false,
      "antidocument": false,
      "antikontak": false,
      "antisticker": false,
      "antipolling": false,
      "antispamchat": false,
      "antivirtex": false,
      "antiviewonce": false,
      "autoai": false,
      "autosimi": false,
      "autorusuh": false,
      "welcome": false,
      "left": false,
      "promote": false,
      "demote": false,
      "onlyadmin": false,
      "mute": false,
      "detectblacklist": false,
      "waktusholat": false,
      "antibot": false,
      "antitagsw": false,
      "antitagsw2": false,
      "antitagmeta": false,
      "antitagmeta2": false
    },
    "userBlock": [],
    "createdAt": "2025-05-15T20:51:49.087Z",
    "updatedAt": "2025-05-15T20:51:49.087Z"
  },
  "120363213999916053@g.us": {
    "fitur": {
      "antilink": false,
      "antilinkv2": false,
      "antilinkwa": false,
      "antilinkwav2": false,
      "badword": false,
      "antidelete": false,
      "antiedit": false,
      "antigame": false,
      "antifoto": false,
      "antivideo": false,
      "antiaudio": false,
      "antidocument": false,
      "antikontak": false,
      "antisticker": false,
      "antipolling": false,
      "antispamchat": false,
      "antivirtex": false,
      "antiviewonce": false,
      "autoai": false,
      "autosimi": false,
      "autorusuh": false,
      "welcome": false,
      "left": false,
      "promote": false,
      "demote": false,
      "onlyadmin": false,
      "mute": false,
      "detectblacklist": false,
      "waktusholat": false,
      "antibot": false,
      "antitagsw": false,
      "antitagsw2": false,
      "antitagmeta": false,
      "antitagmeta2": false
    },
    "userBlock": [],
    "createdAt": "2025-05-15T20:51:49.255Z",
    "updatedAt": "2025-05-15T20:51:49.255Z"
  },
  "120363399908704251@g.us": {
    "fitur": {
      "antilink": false,
      "antilinkv2": false,
      "antilinkwa": false,
      "antilinkwav2": false,
      "badword": false,
      "antidelete": false,
      "antiedit": false,
      "antigame": false,
      "antifoto": false,
      "antivideo": false,
      "antiaudio": false,
      "antidocument": false,
      "antikontak": false,
      "antisticker": false,
      "antipolling": false,
      "antispamchat": false,
      "antivirtex": false,
      "antiviewonce": false,
      "autoai": false,
      "autosimi": false,
      "autorusuh": false,
      "welcome": false,
      "left": false,
      "promote": false,
      "demote": false,
      "onlyadmin": false,
      "mute": false,
      "detectblacklist": false,
      "waktusholat": false,
      "antibot": false,
      "antitagsw": false,
      "antitagsw2": false,
      "antitagmeta": false,
      "antitagmeta2": false
    },
    "userBlock": [],
    "createdAt": "2025-05-15T20:53:16.096Z",
    "updatedAt": "2025-05-15T20:53:16.096Z"
  },
  "120363201290088028@g.us": {
    "fitur": {
      "antilink": false,
      "antilinkv2": false,
      "antilinkwa": false,
      "antilinkwav2": false,
      "badword": false,
      "antidelete": false,
      "antiedit": false,
      "antigame": false,
      "antifoto": false,
      "antivideo": false,
      "antiaudio": false,
      "antidocument": false,
      "antikontak": false,
      "antisticker": false,
      "antipolling": false,
      "antispamchat": false,
      "antivirtex": false,
      "antiviewonce": false,
      "autoai": false,
      "autosimi": false,
      "autorusuh": false,
      "welcome": false,
      "left": false,
      "promote": false,
      "demote": false,
      "onlyadmin": false,
      "mute": false,
      "detectblacklist": false,
      "waktusholat": false,
      "antibot": false,
      "antitagsw": false,
      "antitagsw2": false,
      "antitagmeta": false,
      "antitagmeta2": false
    },
    "userBlock": [],
    "createdAt": "2025-05-15T20:54:03.544Z",
    "updatedAt": "2025-05-15T20:54:03.544Z"
  },
  "120363061347773723@g.us": {
    "fitur": {
      "antilink": false,
      "antilinkv2": false,
      "antilinkwa": false,
      "antilinkwav2": false,
      "badword": false,
      "antidelete": false,
      "antiedit": false,
      "antigame": false,
      "antifoto": false,
      "antivideo": false,
      "antiaudio": false,
      "antidocument": false,
      "antikontak": false,
      "antisticker": false,
      "antipolling": false,
      "antispamchat": false,
      "antivirtex": false,
      "antiviewonce": false,
      "autoai": false,
      "autosimi": false,
      "autorusuh": false,
      "welcome": false,
      "left": false,
      "promote": false,
      "demote": false,
      "onlyadmin": false,
      "mute": false,
      "detectblacklist": false,
      "waktusholat": false,
      "antibot": false,
      "antitagsw": false,
      "antitagsw2": false,
      "antitagmeta": false,
      "antitagmeta2": false
    },
    "userBlock": [],
    "createdAt": "2025-05-15T20:55:27.388Z",
    "updatedAt": "2025-05-15T20:55:27.388Z"
  },
  "120363297254557601@g.us": {
    "fitur": {
      "antilink": false,
      "antilinkv2": false,
      "antilinkwa": false,
      "antilinkwav2": false,
      "badword": false,
      "antidelete": false,
      "antiedit": false,
      "antigame": false,
      "antifoto": false,
      "antivideo": false,
      "antiaudio": false,
      "antidocument": false,
      "antikontak": false,
      "antisticker": false,
      "antipolling": false,
      "antispamchat": false,
      "antivirtex": false,
      "antiviewonce": false,
      "autoai": false,
      "autosimi": false,
      "autorusuh": false,
      "welcome": false,
      "left": false,
      "promote": false,
      "demote": false,
      "onlyadmin": false,
      "mute": false,
      "detectblacklist": false,
      "waktusholat": false,
      "antibot": false,
      "antitagsw": false,
      "antitagsw2": false,
      "antitagmeta": false,
      "antitagmeta2": false
    },
    "userBlock": [],
    "createdAt": "2025-05-16T03:00:09.214Z",
    "updatedAt": "2025-05-16T03:00:09.214Z"
  }
}