{
  "6289501427163-1562508898@g.us": {
    "createdAt": "14/05/2025",
    "members": {
      "6285246154386@s.whatsapp.net": 14
    }
  },
  "120363418702501479@g.us": {
    "createdAt": "16/05/2025",
    "members": {
      "6283838629156@s.whatsapp.net": 1
    }
  },
  "120363150425653339@g.us": {
    "createdAt": "16/05/2025",
    "members": {
      "6287736246542@s.whatsapp.net": 4,
      "6283130561685@s.whatsapp.net": 5,
      "6285396408957@s.whatsapp.net": 16,
      "6288214141045@s.whatsapp.net": 1,
      "6282124455991@s.whatsapp.net": 1,
      "6285797887526@s.whatsapp.net": 46,
      "6285124002196@s.whatsapp.net": 10,
      "6287752755431@s.whatsapp.net": 1,
      "6285817803813@s.whatsapp.net": 1,
      "6287859777618@s.whatsapp.net": 2,
      "6283169766600@s.whatsapp.net": 1
    }
  },
  "120363418622431458@g.us": {
    "createdAt": "16/05/2025",
    "members": {
      "6287852767593@s.whatsapp.net": 2,
      "6282160272104@s.whatsapp.net": 3
    }
  },
  "120363400447413265@g.us": {
    "createdAt": "16/05/2025",
    "members": {
      "6288214141045@s.whatsapp.net": 1,
      "6287766910674@s.whatsapp.net": 46,
      "6285828360157@s.whatsapp.net": 1
    }
  },
  "120363401843395123@g.us": {
    "createdAt": "16/05/2025",
    "members": {
      "6289525788358@s.whatsapp.net": 1
    }
  },
  "120363261241109331@g.us": {
    "createdAt": "16/05/2025",
    "members": {
      "6285246154386@s.whatsapp.net": 1
    }
  },
  "120363366460560316@g.us": {
    "createdAt": "16/05/2025",
    "members": {
      "6285745740724@s.whatsapp.net": 1
    }
  },
  "120363213999916053@g.us": {
    "createdAt": "16/05/2025",
    "members": {
      "6282121200918@s.whatsapp.net": 1
    }
  },
  "120363399908704251@g.us": {
    "createdAt": "16/05/2025",
    "members": {
      "6282124455991@s.whatsapp.net": 1
    }
  },
  "120363201290088028@g.us": {
    "createdAt": "16/05/2025",
    "members": {
      "6285783666362@s.whatsapp.net": 1
    }
  },
  "120363061347773723@g.us": {
    "createdAt": "16/05/2025",
    "members": {
      "6283171318195@s.whatsapp.net": 1
    }
  },
  "120363297254557601@g.us": {
    "createdAt": "16/05/2025",
    "members": {
      "6285246154386@s.whatsapp.net": 2,
      "6285155136780@s.whatsapp.net": 1
    }
  }
}